-- ═══════════════════════════════════════════════════════════════════════════
-- DeskFlow – Seed Data
-- Run AFTER creating your first admin user via Supabase Auth (or the app).
-- Replace 'YOUR_ADMIN_USER_ID' with the actual UUID from auth.users.
-- ═══════════════════════════════════════════════════════════════════════════

-- ─── BUILDING ────────────────────────────────────────────────────────────────

insert into buildings (id, name, address, city, country, timezone) values
('b1000000-0000-0000-0000-000000000001', 'HQ Tower', '100 Innovation Drive', 'San Francisco', 'US', 'Asia/Kolkata');

-- ─── FLOORS ──────────────────────────────────────────────────────────────────

insert into floors (id, building_id, name, level, grid_width, grid_height, amenities, capacity) values
('f1000000-0000-0000-0000-000000000001', 'b1000000-0000-0000-0000-000000000001', 'Ground Floor', 0, 18, 14, '{kitchen,reception,accessibility}', 48),
('f1000000-0000-0000-0000-000000000002', 'b1000000-0000-0000-0000-000000000001', 'First Floor',  1, 18, 14, '{kitchen,phone_booths}', 42),
('f1000000-0000-0000-0000-000000000003', 'b1000000-0000-0000-0000-000000000001', 'Second Floor', 2, 18, 14, '{premium_kitchen,terrace}', 24);

-- ─── ZONES ───────────────────────────────────────────────────────────────────

insert into zones (floor_id, name, color, x, y, width, height) values
('f1000000-0000-0000-0000-000000000001', 'Engineering',    '#dbeafe', 0, 0, 9, 7),
('f1000000-0000-0000-0000-000000000001', 'Design',         '#fce7f3', 9, 0, 9, 7),
('f1000000-0000-0000-0000-000000000001', 'Quiet Zone',     '#f0fdf4', 0, 7, 9, 7),
('f1000000-0000-0000-0000-000000000001', 'Collaboration',  '#fef9c3', 9, 7, 9, 7),
('f1000000-0000-0000-0000-000000000002', 'Hot Desks',      '#f3f4f6', 0, 0, 18, 14);

-- ─── DESKS (Ground Floor — 12 desks) ─────────────────────────────────────────

insert into desks (floor_id, label, type, x, y, amenities) values
('f1000000-0000-0000-0000-000000000001', 'D-01', 'hot',           1, 1, '{monitor,window}'),
('f1000000-0000-0000-0000-000000000001', 'D-02', 'hot',           2, 1, '{monitor}'),
('f1000000-0000-0000-0000-000000000001', 'D-03', 'hot',           3, 1, '{monitor,docking_station}'),
('f1000000-0000-0000-0000-000000000001', 'D-04', 'standing',      5, 1, '{standing_desk,monitor}'),
('f1000000-0000-0000-0000-000000000001', 'D-05', 'standing',      6, 1, '{standing_desk}'),
('f1000000-0000-0000-0000-000000000001', 'D-06', 'hot',          10, 1, '{monitor}'),
('f1000000-0000-0000-0000-000000000001', 'D-07', 'hot',          11, 1, '{monitor,window}'),
('f1000000-0000-0000-0000-000000000001', 'D-08', 'collaboration', 13, 1, '{whiteboard}'),
('f1000000-0000-0000-0000-000000000001', 'D-09', 'quiet',         1, 8, '{monitor,quiet_zone}'),
('f1000000-0000-0000-0000-000000000001', 'D-10', 'quiet',         2, 8, '{monitor,quiet_zone}'),
('f1000000-0000-0000-0000-000000000001', 'D-11', 'hot',          10, 8, '{monitor}'),
('f1000000-0000-0000-0000-000000000001', 'D-12', 'hot',          11, 8, '{monitor,docking_station}');

-- First floor desks
insert into desks (floor_id, label, type, x, y, amenities) values
('f1000000-0000-0000-0000-000000000002', 'D-13', 'hot', 1, 1, '{monitor}'),
('f1000000-0000-0000-0000-000000000002', 'D-14', 'hot', 2, 1, '{monitor}'),
('f1000000-0000-0000-0000-000000000002', 'D-15', 'hot', 3, 1, '{monitor,window}'),
('f1000000-0000-0000-0000-000000000002', 'D-16', 'hot', 5, 1, '{monitor}'),
('f1000000-0000-0000-0000-000000000002', 'D-17', 'hot', 6, 1, '{monitor,docking_station}');

-- ─── ROOMS ───────────────────────────────────────────────────────────────────

insert into rooms (floor_id, name, capacity, type, amenities, x, y, width, height) values
('f1000000-0000-0000-0000-000000000001', 'Maple',   8,  'meeting',    '{tv,whiteboard,video_conf}', 1, 11, 3, 2),
('f1000000-0000-0000-0000-000000000001', 'Oak',     2,  'phone_booth','{phone}',                   5, 11, 2, 2),
('f1000000-0000-0000-0000-000000000001', 'Cedar',  12,  'training',   '{projector,whiteboard,tv}', 11, 11, 4, 2),
('f1000000-0000-0000-0000-000000000002', 'Birch',   6,  'meeting',    '{tv,whiteboard}',            1, 11, 3, 2),
('f1000000-0000-0000-0000-000000000003', 'Sequoia', 20, 'boardroom',  '{projector,video_conf,whiteboard}', 1, 1, 6, 4);

-- ─── PARKING ─────────────────────────────────────────────────────────────────

insert into parking_spaces (floor_id, label, type, x, y) values
('f1000000-0000-0000-0000-000000000001', 'P-01', 'standard',   0, 0),
('f1000000-0000-0000-0000-000000000001', 'P-02', 'standard',   1, 0),
('f1000000-0000-0000-0000-000000000001', 'P-03', 'accessible', 2, 0),
('f1000000-0000-0000-0000-000000000001', 'P-04', 'ev_charging', 3, 0),
('f1000000-0000-0000-0000-000000000001', 'P-05', 'ev_charging', 4, 0),
('f1000000-0000-0000-0000-000000000001', 'P-06', 'standard',   5, 0),
('f1000000-0000-0000-0000-000000000001', 'P-07', 'motorcycle', 6, 0),
('f1000000-0000-0000-0000-000000000001', 'P-08', 'standard',   7, 0);

-- ─── LOCKERS ─────────────────────────────────────────────────────────────────

insert into lockers (floor_id, label, size) values
('f1000000-0000-0000-0000-000000000001', 'L-01', 'small'),
('f1000000-0000-0000-0000-000000000001', 'L-02', 'small'),
('f1000000-0000-0000-0000-000000000001', 'L-03', 'medium'),
('f1000000-0000-0000-0000-000000000001', 'L-04', 'medium'),
('f1000000-0000-0000-0000-000000000001', 'L-05', 'large'),
('f1000000-0000-0000-0000-000000000001', 'L-06', 'small'),
('f1000000-0000-0000-0000-000000000001', 'L-07', 'small'),
('f1000000-0000-0000-0000-000000000001', 'L-08', 'medium');
