-- ═══════════════════════════════════════════════════════════════════════════
-- DeskFlow – Seed Data
-- Run AFTER creating your first admin user via Supabase Auth (or the app).
-- Replace 'YOUR_ADMIN_USER_ID' with the actual UUID from auth.users.
-- ═══════════════════════════════════════════════════════════════════════════

-- ─── BUILDING ────────────────────────────────────────────────────────────────

insert into buildings (id, name, address, city, country, timezone) values
('b1000000-0000-0000-0000-000000000001', 'HQ Tower', '100 Innovation Drive', 'San Francisco', 'US', 'Asia/Kolkata');

-- ─── FLOORS ──────────────────────────────────────────────────────────────────

insert into floors (id, building_id, name, level, grid_width, grid_height, amenities, capacity) values
('f1000000-0000-0000-0000-000000000001', 'b1000000-0000-0000-0000-000000000001', 'Ground Floor', 0, 18, 14, '{kitchen,reception,accessibility}', 48),
('f1000000-0000-0000-0000-000000000002', 'b1000000-0000-0000-0000-000000000001', 'First Floor',  1, 18, 14, '{kitchen,phone_booths}', 42),
('f1000000-0000-0000-0000-000000000003', 'b1000000-0000-0000-0000-000000000001', 'Second Floor', 2, 18, 14, '{premium_kitchen,terrace}', 24);

-- ─── ZONES ───────────────────────────────────────────────────────────────────

insert into zones (floor_id, name, color, x, y, width, height) values
('f1000000-0000-0000-0000-000000000001', 'Engineering',    '#dbeafe', 0, 0, 9, 7),
('f1000000-0000-0000-0000-000000000001', 'Design',         '#fce7f3', 9, 0, 9, 7),
('f1000000-0000-0000-0000-000000000001', 'Quiet Zone',     '#f0fdf4', 0, 7, 9, 7),
('f1000000-0000-0000-0000-000000000001', 'Collaboration',  '#fef9c3', 9, 7, 9, 7),
('f1000000-0000-0000-0000-000000000002', 'Hot Desks',      '#f3f4f6', 0, 0, 18, 14);

-- ─── DESKS (Ground Floor — 22 desks from Work Stations) ────────────────────────

insert into desks (floor_id, label, type, x, y, amenities) values
-- Boss Cabin & Conference Room desks (inside the rooms)
('f1000000-0000-0000-0000-000000000001', 'Boss Desk', 'fixed', 2, 1, '{monitor,window}'),
('f1000000-0000-0000-0000-000000000001', 'CR-01', 'collaboration', 6, 1, '{monitor}'),
('f1000000-0000-0000-0000-000000000001', 'CR-02', 'collaboration', 7, 1, '{monitor}'),
('f1000000-0000-0000-0000-000000000001', 'CR-03', 'collaboration', 8, 1, '{monitor}'),
('f1000000-0000-0000-0000-000000000001', 'CR-04', 'collaboration', 9, 1, '{monitor}'),
-- Cluster 1
('f1000000-0000-0000-0000-000000000001', 'WS-01', 'hot', 1, 5, '{monitor}'),
('f1000000-0000-0000-0000-000000000001', 'WS-02', 'hot', 2, 5, '{monitor,window}'),
('f1000000-0000-0000-0000-000000000001', 'WS-03', 'hot', 1, 6, '{monitor}'),
('f1000000-0000-0000-0000-000000000001', 'WS-04', 'hot', 2, 6, '{monitor}'),
('f1000000-0000-0000-0000-000000000001', 'WS-05', 'hot', 1, 7, '{monitor}'),
('f1000000-0000-0000-0000-000000000001', 'WS-06', 'hot', 2, 7, '{monitor}'),
-- Cluster 2
('f1000000-0000-0000-0000-000000000001', 'WS-07', 'standing', 4, 5, '{standing_desk}'),
('f1000000-0000-0000-0000-000000000001', 'WS-08', 'standing', 5, 5, '{standing_desk}'),
('f1000000-0000-0000-0000-000000000001', 'WS-09', 'standing', 4, 6, '{standing_desk}'),
('f1000000-0000-0000-0000-000000000001', 'WS-10', 'standing', 5, 6, '{standing_desk}'),
('f1000000-0000-0000-0000-000000000001', 'WS-11', 'hot', 4, 7, '{monitor}'),
('f1000000-0000-0000-0000-000000000001', 'WS-12', 'hot', 5, 7, '{monitor}'),
('f1000000-0000-0000-0000-000000000001', 'WS-13', 'hot', 4, 8, '{monitor}'),
('f1000000-0000-0000-0000-000000000001', 'WS-14', 'hot', 5, 8, '{monitor}'),
-- Cluster 3
('f1000000-0000-0000-0000-000000000001', 'WS-15', 'collaboration', 7, 5, '{whiteboard}'),
('f1000000-0000-0000-0000-000000000001', 'WS-16', 'collaboration', 8, 5, '{whiteboard}'),
('f1000000-0000-0000-0000-000000000001', 'WS-17', 'collaboration', 7, 6, '{whiteboard}'),
('f1000000-0000-0000-0000-000000000001', 'WS-18', 'collaboration', 8, 6, '{whiteboard}'),
('f1000000-0000-0000-0000-000000000001', 'WS-19', 'hot', 7, 7, '{monitor}'),
('f1000000-0000-0000-0000-000000000001', 'WS-20', 'hot', 8, 7, '{monitor}'),
('f1000000-0000-0000-0000-000000000001', 'WS-21', 'hot', 7, 8, '{monitor}'),
('f1000000-0000-0000-0000-000000000001', 'WS-22', 'hot', 8, 8, '{monitor}');

-- First floor desks
insert into desks (floor_id, label, type, x, y, amenities) values
('f1000000-0000-0000-0000-000000000002', 'D-13', 'hot', 1, 1, '{monitor}'),
('f1000000-0000-0000-0000-000000000002', 'D-14', 'hot', 2, 1, '{monitor}'),
('f1000000-0000-0000-0000-000000000002', 'D-15', 'hot', 3, 1, '{monitor,window}'),
('f1000000-0000-0000-0000-000000000002', 'D-16', 'hot', 5, 1, '{monitor}'),
('f1000000-0000-0000-0000-000000000002', 'D-17', 'hot', 6, 1, '{monitor,docking_station}');

-- ─── ROOMS ───────────────────────────────────────────────────────────────────

insert into rooms (floor_id, name, capacity, type, amenities, x, y, width, height) values
('f1000000-0000-0000-0000-000000000001', 'Mandir',          1,  'focus',      '{quiet_zone}',              0, 0, 1, 3),
('f1000000-0000-0000-0000-000000000001', 'Boss Cabin',      4,  'meeting',    '{tv,whiteboard}',           1, 0, 4, 3),
('f1000000-0000-0000-0000-000000000001', 'Conference Room', 10, 'boardroom',  '{projector,video_conf}',    5, 0, 6, 3),
('f1000000-0000-0000-0000-000000000001', 'Staircase',       0,  'focus',      '{}',                       11, 0, 4, 3),
('f1000000-0000-0000-0000-000000000001', 'Lift',            0,  'focus',      '{}',                       15, 1, 2, 2),
('f1000000-0000-0000-0000-000000000001', 'Toilet',          1,  'focus',      '{}',                       15, 4, 2, 2),
('f1000000-0000-0000-0000-000000000001', 'Pantry Area',     8,  'focus',      '{kitchen}',                12, 4, 5, 9),
('f1000000-0000-0000-0000-000000000002', 'Birch',   6,  'meeting',    '{tv,whiteboard}',            1, 11, 3, 2),
('f1000000-0000-0000-0000-000000000003', 'Sequoia', 20, 'boardroom',  '{projector,video_conf,whiteboard}', 1, 1, 6, 4);

-- ─── PARKING ─────────────────────────────────────────────────────────────────

insert into parking_spaces (floor_id, label, type, x, y) values
('f1000000-0000-0000-0000-000000000001', 'P-01', 'standard',   0, 0),
('f1000000-0000-0000-0000-000000000001', 'P-02', 'standard',   1, 0),
('f1000000-0000-0000-0000-000000000001', 'P-03', 'accessible', 2, 0),
('f1000000-0000-0000-0000-000000000001', 'P-04', 'ev_charging', 3, 0),
('f1000000-0000-0000-0000-000000000001', 'P-05', 'ev_charging', 4, 0),
('f1000000-0000-0000-0000-000000000001', 'P-06', 'standard',   5, 0),
('f1000000-0000-0000-0000-000000000001', 'P-07', 'motorcycle', 6, 0),
('f1000000-0000-0000-0000-000000000001', 'P-08', 'standard',   7, 0);

-- ─── LOCKERS ─────────────────────────────────────────────────────────────────

insert into lockers (floor_id, label, size) values
('f1000000-0000-0000-0000-000000000001', 'L-01', 'small'),
('f1000000-0000-0000-0000-000000000001', 'L-02', 'small'),
('f1000000-0000-0000-0000-000000000001', 'L-03', 'medium'),
('f1000000-0000-0000-0000-000000000001', 'L-04', 'medium'),
('f1000000-0000-0000-0000-000000000001', 'L-05', 'large'),
('f1000000-0000-0000-0000-000000000001', 'L-06', 'small'),
('f1000000-0000-0000-0000-000000000001', 'L-07', 'small'),
('f1000000-0000-0000-0000-000000000001', 'L-08', 'medium');
